Time,A1,A2,A3,A4,A5,A6,A7,A8,A9,A10,A11,A12,B1,B2,B3,B4,B5,B6,B7,B8,B9,B10,B11,B12,C1,C2,C3,C4,C5,C6,C7,C8,C9,C10,C11,C12,D1,D2,D3,D4,D5,D6,D7,D8,D9,D10,D11,D12,E1,E2,E3,E4,E5,E6,E7,E8,E9,E10,E11,E12,F1,F2,F3,F4,F5,F6,F7,F8,F9,F10,F11,F12,G1,G2,G3,G4,G5,G6,G7,G8,G9,G10,G11,G12,H1,H2,H3,H4,H5,H6,H7,H8,H9,H10,H11,H12
1,0.1,0.095,0.099,0.093,0.097,0.096,0.1,0.096,0.097,0.104,0.098,0.095,0.1,0.106,0.097,0.097,0.099,0.103,0.098,0.1,0.105,0.102,0.098,0.108,0.098,0.102,0.109,0.103,0.098,0.101,0.099,0.105,0.097,0.099,0.101,0.103,0.1,0.098,0.11,0.101,0.101,0.1,0.108,0.097,0.092,0.1,0.1,0.098,0.102,0.104,0.102,0.108,0.104,0.098,0.103,0.103,0.099,0.11,0.099,0.104,0.095,0.099,0.096,0.095,0.099,0.095,0.096,0.094,0.099,0.102,0.099,0.104,0.099,0.099,0.107,0.106,0.101,0.11,0.104,0.098,0.098,0.105,0.096,0.095,0.104,0.101,0.107,0.106,0.094,0.098,0.101,0.093,0.093,0.096,0.099,0.091
2,0.109,0.104,0.107,0.102,0.104,0.103,0.108,0.105,0.104,0.115,0.105,0.102,0.106,0.114,0.106,0.105,0.106,0.111,0.107,0.108,0.115,0.11,0.105,0.121,0.101,0.105,0.112,0.108,0.1,0.106,0.105,0.11,0.102,0.104,0.104,0.105,0.11,0.106,0.121,0.108,0.108,0.107,0.113,0.103,0.099,0.107,0.105,0.107,0.112,0.115,0.11,0.115,0.111,0.105,0.113,0.113,0.106,0.122,0.108,0.111,0.103,0.107,0.105,0.103,0.108,0.105,0.104,0.102,0.11,0.112,0.106,0.116,0.103,0.102,0.11,0.109,0.103,0.117,0.11,0.102,0.102,0.107,0.1,0.098,0.114,0.108,0.119,0.112,0.102,0.107,0.111,0.103,0.101,0.106,0.106,0.098
3,0.124,0.117,0.121,0.115,0.115,0.115,0.123,0.121,0.117,0.134,0.118,0.115,0.121,0.129,0.12,0.121,0.12,0.123,0.123,0.123,0.131,0.125,0.118,0.141,0.11,0.115,0.123,0.119,0.109,0.117,0.114,0.119,0.112,0.114,0.112,0.112,0.119,0.115,0.135,0.117,0.117,0.114,0.12,0.112,0.108,0.116,0.117,0.116,0.127,0.131,0.125,0.127,0.122,0.118,0.129,0.129,0.119,0.143,0.123,0.124,0.118,0.122,0.119,0.118,0.124,0.119,0.12,0.118,0.128,0.128,0.12,0.135,0.112,0.112,0.121,0.12,0.112,0.127,0.119,0.11,0.11,0.115,0.108,0.107,0.125,0.116,0.134,0.119,0.111,0.116,0.12,0.112,0.11,0.115,0.119,0.106
4,0.144,0.136,0.141,0.133,0.131,0.133,0.147,0.143,0.135,0.159,0.138,0.134,0.141,0.152,0.142,0.141,0.14,0.142,0.144,0.143,0.154,0.147,0.137,0.167,0.13,0.137,0.147,0.144,0.127,0.142,0.134,0.138,0.134,0.135,0.132,0.13,0.142,0.135,0.166,0.139,0.134,0.131,0.137,0.131,0.122,0.136,0.137,0.136,0.148,0.152,0.145,0.145,0.139,0.137,0.152,0.151,0.138,0.171,0.144,0.143,0.139,0.143,0.14,0.14,0.146,0.14,0.141,0.14,0.151,0.151,0.14,0.161,0.131,0.135,0.146,0.144,0.129,0.151,0.143,0.129,0.13,0.134,0.127,0.126,0.152,0.135,0.167,0.141,0.129,0.135,0.141,0.133,0.126,0.137,0.14,0.123
5,0.172,0.159,0.165,0.156,0.153,0.155,0.173,0.17,0.158,0.188,0.162,0.157,0.166,0.18,0.167,0.166,0.164,0.166,0.169,0.17,0.182,0.174,0.161,0.198,0.17,0.18,0.197,0.193,0.164,0.192,0.176,0.179,0.178,0.18,0.173,0.166,0.189,0.175,0.227,0.184,0.17,0.167,0.173,0.169,0.156,0.178,0.177,0.176,0.174,0.178,0.171,0.169,0.161,0.161,0.178,0.178,0.161,0.203,0.171,0.167,0.163,0.169,0.164,0.164,0.173,0.165,0.167,0.167,0.18,0.18,0.165,0.193,0.171,0.179,0.195,0.192,0.166,0.2,0.188,0.166,0.171,0.172,0.165,0.164,0.206,0.175,0.231,0.184,0.166,0.175,0.183,0.175,0.161,0.182,0.184,0.159
6,0.207,0.189,0.196,0.186,0.18,0.184,0.206,0.204,0.188,0.227,0.193,0.187,0.197,0.217,0.199,0.197,0.195,0.196,0.202,0.2,0.219,0.209,0.191,0.237,0.245,0.26,0.291,0.287,0.234,0.282,0.254,0.259,0.261,0.262,0.25,0.236,0.276,0.251,0.341,0.269,0.24,0.235,0.242,0.24,0.218,0.257,0.253,0.251,0.207,0.213,0.204,0.199,0.189,0.191,0.213,0.215,0.192,0.245,0.205,0.198,0.195,0.203,0.196,0.196,0.208,0.197,0.2,0.201,0.217,0.218,0.197,0.235,0.244,0.259,0.286,0.281,0.233,0.29,0.274,0.236,0.248,0.245,0.234,0.237,0.307,0.25,0.349,0.267,0.234,0.25,0.263,0.254,0.228,0.264,0.268,0.226
7,0.253,0.228,0.238,0.226,0.216,0.22,0.251,0.25,0.228,0.278,0.235,0.225,0.237,0.265,0.244,0.238,0.237,0.237,0.246,0.242,0.268,0.256,0.23,0.287,0.376,0.399,0.45,0.447,0.358,0.438,0.392,0.398,0.404,0.404,0.386,0.365,0.431,0.388,0.527,0.415,0.366,0.36,0.365,0.368,0.333,0.395,0.39,0.387,0.252,0.259,0.247,0.24,0.227,0.23,0.259,0.262,0.232,0.3,0.249,0.238,0.237,0.248,0.238,0.239,0.253,0.239,0.243,0.246,0.267,0.267,0.239,0.287,0.372,0.397,0.44,0.434,0.354,0.446,0.422,0.36,0.382,0.376,0.359,0.368,0.476,0.385,0.537,0.412,0.357,0.387,0.402,0.391,0.349,0.408,0.415,0.348
8,0.313,0.281,0.293,0.278,0.265,0.27,0.308,0.31,0.282,0.341,0.29,0.275,0.293,0.326,0.3,0.294,0.292,0.292,0.303,0.3,0.332,0.317,0.283,0.35,0.574,0.629,0.676,0.673,0.551,0.69,0.605,0.633,0.645,0.644,0.594,0.566,0.654,0.601,0.728,0.664,0.573,0.565,0.572,0.596,0.523,0.636,0.606,0.598,0.309,0.319,0.305,0.295,0.279,0.282,0.319,0.324,0.286,0.368,0.307,0.291,0.291,0.305,0.295,0.294,0.313,0.296,0.3,0.305,0.33,0.329,0.293,0.353,0.57,0.628,0.66,0.653,0.546,0.695,0.638,0.579,0.616,0.609,0.56,0.576,0.706,0.597,0.738,0.657,0.556,0.6,0.618,0.623,0.547,0.649,0.638,0.547
9,0.392,0.346,0.362,0.345,0.327,0.333,0.378,0.384,0.349,0.416,0.357,0.338,0.361,0.4,0.371,0.362,0.361,0.36,0.374,0.37,0.409,0.392,0.348,0.423,0.717,0.718,0.784,0.775,0.718,0.767,0.754,0.776,0.768,0.772,0.763,0.736,0.747,0.739,0.753,0.734,0.741,0.73,0.727,0.732,0.742,0.743,0.758,0.801,0.379,0.39,0.377,0.362,0.344,0.349,0.392,0.398,0.356,0.447,0.378,0.356,0.359,0.375,0.364,0.364,0.385,0.365,0.371,0.38,0.406,0.404,0.362,0.432,0.707,0.705,0.763,0.754,0.707,0.772,0.79,0.721,0.739,0.73,0.725,0.739,0.797,0.732,0.761,0.73,0.724,0.767,0.775,0.767,0.765,0.765,0.786,0.738
10,0.483,0.419,0.44,0.422,0.401,0.408,0.449,0.46,0.426,0.479,0.434,0.414,0.436,0.482,0.447,0.44,0.437,0.437,0.453,0.448,0.48,0.472,0.427,0.504,0.725,0.723,0.79,0.782,0.731,0.772,0.764,0.787,0.775,0.779,0.775,0.75,0.752,0.745,0.754,0.737,0.751,0.742,0.738,0.741,0.776,0.75,0.767,0.824,0.455,0.467,0.455,0.44,0.421,0.427,0.463,0.475,0.435,0.511,0.458,0.43,0.431,0.451,0.439,0.442,0.463,0.443,0.451,0.46,0.477,0.486,0.444,0.513,0.714,0.712,0.77,0.761,0.718,0.777,0.801,0.73,0.746,0.736,0.737,0.748,0.802,0.74,0.762,0.733,0.736,0.779,0.785,0.776,0.798,0.771,0.795,0.759
11,0.536,0.47,0.486,0.481,0.464,0.474,0.466,0.491,0.481,0.488,0.483,0.479,0.481,0.526,0.489,0.487,0.483,0.49,0.5,0.489,0.497,0.52,0.493,0.553,0.727,0.723,0.79,0.783,0.733,0.773,0.764,0.789,0.777,0.78,0.776,0.752,0.752,0.745,0.754,0.739,0.752,0.743,0.738,0.742,0.778,0.751,0.768,0.824,0.507,0.519,0.499,0.496,0.488,0.494,0.485,0.51,0.493,0.521,0.509,0.498,0.477,0.492,0.478,0.489,0.511,0.492,0.496,0.501,0.497,0.536,0.512,0.564,0.713,0.712,0.771,0.763,0.72,0.779,0.803,0.731,0.747,0.737,0.739,0.748,0.802,0.741,0.762,0.733,0.736,0.78,0.785,0.776,0.799,0.771,0.794,0.759
12,0.541,0.475,0.491,0.489,0.477,0.485,0.467,0.493,0.487,0.49,0.488,0.494,0.484,0.531,0.491,0.491,0.486,0.495,0.502,0.49,0.497,0.524,0.508,0.555,0.726,0.721,0.79,0.782,0.733,0.772,0.764,0.789,0.776,0.779,0.776,0.75,0.751,0.744,0.753,0.737,0.752,0.743,0.739,0.741,0.777,0.751,0.767,0.823,0.514,0.524,0.502,0.503,0.499,0.506,0.484,0.511,0.5,0.521,0.514,0.514,0.48,0.493,0.481,0.494,0.515,0.499,0.5,0.503,0.496,0.54,0.524,0.565,0.711,0.711,0.771,0.763,0.718,0.778,0.802,0.73,0.747,0.736,0.739,0.746,0.802,0.74,0.762,0.732,0.735,0.779,0.785,0.775,0.798,0.771,0.793,0.759
13,0.543,0.475,0.492,0.489,0.477,0.486,0.471,0.496,0.49,0.493,0.488,0.494,0.485,0.532,0.493,0.492,0.487,0.495,0.503,0.492,0.5,0.523,0.506,0.553,0.725,0.72,0.789,0.782,0.731,0.771,0.763,0.788,0.775,0.779,0.774,0.748,0.751,0.743,0.752,0.736,0.751,0.742,0.738,0.74,0.775,0.749,0.765,0.821,0.515,0.524,0.505,0.506,0.5,0.506,0.486,0.513,0.499,0.524,0.513,0.514,0.481,0.494,0.481,0.495,0.516,0.499,0.5,0.503,0.497,0.54,0.524,0.566,0.711,0.71,0.772,0.762,0.716,0.778,0.802,0.729,0.745,0.736,0.738,0.744,0.8,0.739,0.76,0.729,0.734,0.777,0.783,0.773,0.796,0.769,0.791,0.757
14,0.544,0.479,0.496,0.492,0.48,0.488,0.474,0.498,0.492,0.495,0.491,0.497,0.489,0.534,0.496,0.495,0.49,0.497,0.506,0.495,0.502,0.527,0.509,0.555,0.725,0.719,0.788,0.782,0.731,0.771,0.762,0.786,0.773,0.777,0.774,0.746,0.75,0.742,0.751,0.734,0.749,0.74,0.736,0.738,0.774,0.747,0.763,0.819,0.518,0.527,0.509,0.508,0.501,0.509,0.49,0.516,0.503,0.526,0.516,0.517,0.483,0.496,0.484,0.496,0.519,0.502,0.503,0.506,0.499,0.542,0.525,0.57,0.71,0.709,0.77,0.762,0.714,0.776,0.801,0.728,0.744,0.735,0.736,0.741,0.799,0.737,0.759,0.728,0.732,0.775,0.781,0.771,0.795,0.767,0.789,0.755
15,0.545,0.483,0.499,0.495,0.483,0.491,0.478,0.5,0.495,0.496,0.493,0.499,0.491,0.536,0.5,0.497,0.492,0.5,0.508,0.496,0.502,0.529,0.511,0.557,0.723,0.718,0.786,0.781,0.73,0.77,0.761,0.785,0.772,0.776,0.771,0.745,0.749,0.74,0.749,0.732,0.746,0.738,0.734,0.736,0.772,0.746,0.761,0.817,0.52,0.531,0.511,0.511,0.507,0.512,0.494,0.517,0.505,0.529,0.519,0.52,0.487,0.499,0.484,0.498,0.521,0.505,0.505,0.508,0.501,0.545,0.527,0.57,0.708,0.706,0.769,0.761,0.714,0.776,0.8,0.726,0.742,0.733,0.735,0.737,0.797,0.735,0.758,0.726,0.731,0.773,0.778,0.769,0.792,0.763,0.786,0.753
16,0.545,0.485,0.501,0.496,0.485,0.492,0.479,0.501,0.496,0.496,0.494,0.5,0.492,0.538,0.502,0.499,0.493,0.502,0.51,0.498,0.504,0.53,0.513,0.56,0.722,0.717,0.785,0.78,0.728,0.768,0.761,0.784,0.77,0.774,0.769,0.742,0.747,0.738,0.747,0.73,0.745,0.736,0.732,0.735,0.77,0.743,0.758,0.814,0.521,0.533,0.513,0.513,0.509,0.515,0.495,0.52,0.507,0.53,0.52,0.522,0.488,0.5,0.486,0.499,0.523,0.507,0.506,0.509,0.501,0.546,0.528,0.572,0.706,0.705,0.768,0.76,0.713,0.775,0.798,0.725,0.741,0.732,0.733,0.734,0.794,0.733,0.756,0.723,0.729,0.771,0.776,0.765,0.789,0.761,0.783,0.751
17,0.545,0.486,0.502,0.499,0.487,0.492,0.48,0.501,0.497,0.497,0.494,0.502,0.493,0.538,0.504,0.5,0.495,0.503,0.51,0.498,0.505,0.531,0.513,0.56,0.721,0.716,0.784,0.778,0.726,0.767,0.759,0.782,0.769,0.772,0.766,0.737,0.746,0.736,0.745,0.727,0.743,0.734,0.73,0.732,0.767,0.741,0.756,0.811,0.522,0.534,0.514,0.515,0.512,0.516,0.498,0.52,0.507,0.531,0.521,0.523,0.489,0.501,0.488,0.5,0.523,0.509,0.508,0.51,0.502,0.546,0.529,0.573,0.703,0.703,0.767,0.759,0.71,0.773,0.796,0.724,0.739,0.73,0.731,0.729,0.792,0.731,0.753,0.72,0.726,0.768,0.774,0.763,0.786,0.757,0.781,0.748
18,0.545,0.486,0.502,0.499,0.487,0.492,0.48,0.503,0.498,0.497,0.495,0.503,0.492,0.538,0.504,0.5,0.496,0.503,0.51,0.499,0.505,0.531,0.514,0.561,0.718,0.714,0.782,0.776,0.724,0.765,0.758,0.779,0.766,0.77,0.764,0.734,0.744,0.734,0.743,0.724,0.74,0.732,0.728,0.73,0.765,0.738,0.754,0.808,0.523,0.535,0.515,0.516,0.513,0.516,0.496,0.52,0.508,0.531,0.523,0.525,0.489,0.502,0.488,0.502,0.523,0.509,0.507,0.51,0.502,0.548,0.53,0.573,0.701,0.699,0.765,0.757,0.708,0.771,0.794,0.722,0.736,0.728,0.729,0.726,0.789,0.728,0.751,0.718,0.723,0.764,0.772,0.76,0.782,0.754,0.777,0.744
19,0.544,0.485,0.502,0.499,0.487,0.493,0.48,0.504,0.499,0.497,0.496,0.504,0.491,0.538,0.504,0.5,0.495,0.504,0.51,0.498,0.506,0.532,0.515,0.563,0.715,0.711,0.779,0.775,0.722,0.763,0.756,0.777,0.764,0.767,0.762,0.73,0.741,0.731,0.74,0.722,0.737,0.729,0.725,0.727,0.762,0.735,0.751,0.805,0.523,0.536,0.515,0.517,0.513,0.517,0.497,0.52,0.508,0.532,0.523,0.525,0.49,0.502,0.489,0.502,0.524,0.509,0.507,0.51,0.502,0.548,0.53,0.573,0.698,0.697,0.762,0.755,0.704,0.769,0.792,0.72,0.733,0.725,0.726,0.721,0.785,0.725,0.748,0.714,0.721,0.761,0.769,0.757,0.779,0.751,0.774,0.741
20,0.543,0.485,0.502,0.499,0.487,0.492,0.48,0.503,0.499,0.497,0.496,0.505,0.491,0.538,0.502,0.499,0.494,0.503,0.51,0.498,0.506,0.532,0.516,0.563,0.713,0.709,0.777,0.772,0.718,0.762,0.755,0.775,0.761,0.765,0.758,0.726,0.739,0.729,0.738,0.719,0.735,0.727,0.723,0.725,0.759,0.732,0.748,0.802,0.524,0.535,0.515,0.518,0.513,0.515,0.494,0.52,0.509,0.531,0.524,0.526,0.489,0.502,0.489,0.502,0.524,0.507,0.507,0.511,0.502,0.548,0.53,0.573,0.693,0.694,0.76,0.753,0.701,0.767,0.79,0.717,0.731,0.723,0.723,0.718,0.782,0.722,0.745,0.711,0.718,0.758,0.766,0.754,0.775,0.748,0.772,0.738
21,0.54,0.483,0.501,0.498,0.487,0.491,0.479,0.502,0.499,0.497,0.496,0.506,0.491,0.537,0.502,0.499,0.494,0.504,0.51,0.498,0.506,0.532,0.516,0.563,0.711,0.706,0.775,0.77,0.716,0.76,0.753,0.772,0.759,0.761,0.755,0.722,0.737,0.727,0.736,0.716,0.732,0.725,0.72,0.723,0.756,0.73,0.745,0.799,0.524,0.536,0.515,0.518,0.513,0.514,0.494,0.519,0.508,0.531,0.524,0.525,0.488,0.502,0.489,0.502,0.524,0.507,0.506,0.51,0.501,0.548,0.53,0.572,0.69,0.69,0.758,0.751,0.696,0.764,0.787,0.715,0.728,0.72,0.72,0.715,0.779,0.72,0.742,0.708,0.715,0.755,0.764,0.75,0.772,0.746,0.769,0.735
22,0.538,0.482,0.499,0.497,0.486,0.49,0.478,0.5,0.497,0.496,0.495,0.505,0.491,0.536,0.501,0.499,0.494,0.503,0.51,0.498,0.506,0.532,0.515,0.562,0.707,0.703,0.772,0.767,0.712,0.758,0.751,0.77,0.756,0.759,0.752,0.719,0.734,0.724,0.734,0.713,0.73,0.722,0.718,0.72,0.754,0.727,0.742,0.796,0.524,0.536,0.513,0.518,0.512,0.513,0.493,0.519,0.508,0.531,0.524,0.525,0.487,0.502,0.488,0.5,0.524,0.507,0.507,0.51,0.501,0.548,0.529,0.571,0.686,0.687,0.755,0.749,0.692,0.762,0.785,0.712,0.725,0.717,0.717,0.712,0.775,0.717,0.739,0.705,0.712,0.752,0.761,0.748,0.769,0.743,0.766,0.732
23,0.536,0.482,0.498,0.496,0.486,0.49,0.478,0.5,0.497,0.496,0.494,0.505,0.49,0.535,0.5,0.499,0.493,0.503,0.509,0.497,0.505,0.531,0.514,0.561,0.704,0.7,0.769,0.764,0.708,0.756,0.748,0.767,0.754,0.756,0.749,0.716,0.732,0.722,0.732,0.711,0.728,0.72,0.716,0.718,0.751,0.725,0.74,0.793,0.524,0.535,0.51,0.517,0.511,0.512,0.493,0.518,0.508,0.53,0.522,0.524,0.487,0.501,0.487,0.5,0.523,0.506,0.506,0.509,0.501,0.546,0.527,0.569,0.682,0.683,0.753,0.746,0.689,0.76,0.783,0.71,0.723,0.715,0.715,0.709,0.771,0.714,0.736,0.702,0.71,0.75,0.758,0.745,0.766,0.74,0.763,0.73
24,0.535,0.481,0.497,0.495,0.484,0.489,0.477,0.499,0.495,0.495,0.493,0.504,0.489,0.534,0.499,0.498,0.493,0.502,0.509,0.497,0.504,0.53,0.513,0.56,0.7,0.697,0.766,0.762,0.704,0.753,0.746,0.764,0.751,0.754,0.746,0.713,0.729,0.719,0.729,0.708,0.726,0.718,0.714,0.715,0.749,0.722,0.737,0.79,0.522,0.534,0.509,0.517,0.508,0.511,0.494,0.518,0.507,0.53,0.521,0.523,0.486,0.5,0.487,0.498,0.523,0.507,0.505,0.508,0.499,0.545,0.526,0.568,0.68,0.679,0.75,0.743,0.687,0.757,0.78,0.707,0.72,0.712,0.711,0.707,0.768,0.711,0.734,0.7,0.707,0.748,0.755,0.742,0.764,0.738,0.761,0.727
25,0.534,0.48,0.496,0.494,0.484,0.487,0.476,0.498,0.494,0.494,0.493,0.503,0.488,0.533,0.498,0.497,0.492,0.501,0.508,0.497,0.503,0.528,0.512,0.558,0.697,0.694,0.763,0.759,0.701,0.751,0.744,0.761,0.749,0.751,0.744,0.711,0.726,0.717,0.727,0.706,0.724,0.716,0.711,0.713,0.746,0.72,0.735,0.787,0.521,0.533,0.508,0.516,0.508,0.51,0.495,0.518,0.506,0.529,0.521,0.522,0.484,0.499,0.486,0.497,0.522,0.506,0.505,0.508,0.498,0.544,0.526,0.566,0.677,0.676,0.747,0.741,0.684,0.754,0.777,0.704,0.717,0.709,0.709,0.705,0.765,0.709,0.731,0.698,0.705,0.745,0.752,0.74,0.762,0.736,0.758,0.725
26,0.533,0.479,0.496,0.494,0.483,0.487,0.476,0.497,0.494,0.494,0.492,0.502,0.487,0.532,0.496,0.496,0.491,0.501,0.508,0.496,0.503,0.527,0.512,0.558,0.695,0.69,0.761,0.756,0.699,0.748,0.742,0.759,0.746,0.748,0.741,0.709,0.723,0.715,0.725,0.704,0.721,0.713,0.709,0.71,0.744,0.718,0.732,0.785,0.52,0.532,0.507,0.515,0.507,0.509,0.495,0.517,0.505,0.527,0.52,0.521,0.484,0.499,0.486,0.496,0.521,0.506,0.504,0.506,0.498,0.543,0.524,0.565,0.676,0.674,0.745,0.738,0.682,0.752,0.775,0.702,0.714,0.707,0.706,0.702,0.763,0.707,0.729,0.696,0.703,0.744,0.751,0.737,0.759,0.734,0.756,0.724
27,0.532,0.479,0.495,0.493,0.482,0.487,0.477,0.497,0.493,0.493,0.491,0.501,0.486,0.53,0.495,0.495,0.49,0.5,0.506,0.495,0.502,0.525,0.51,0.557,0.691,0.687,0.758,0.753,0.696,0.745,0.739,0.756,0.743,0.745,0.739,0.708,0.721,0.713,0.722,0.702,0.719,0.711,0.707,0.708,0.742,0.716,0.731,0.783,0.518,0.531,0.506,0.514,0.505,0.508,0.494,0.516,0.504,0.526,0.519,0.521,0.484,0.497,0.484,0.494,0.52,0.504,0.503,0.505,0.497,0.542,0.523,0.563,0.674,0.671,0.742,0.735,0.681,0.749,0.773,0.699,0.712,0.704,0.705,0.703,0.761,0.705,0.728,0.694,0.701,0.742,0.749,0.734,0.758,0.732,0.754,0.721
28,0.531,0.478,0.494,0.493,0.482,0.486,0.476,0.496,0.493,0.492,0.49,0.5,0.485,0.528,0.495,0.494,0.49,0.499,0.506,0.494,0.5,0.525,0.509,0.555,0.689,0.685,0.756,0.751,0.694,0.743,0.737,0.753,0.741,0.743,0.738,0.707,0.719,0.71,0.72,0.701,0.717,0.709,0.705,0.706,0.74,0.713,0.728,0.78,0.516,0.53,0.505,0.513,0.505,0.507,0.493,0.515,0.503,0.525,0.518,0.52,0.484,0.496,0.483,0.493,0.518,0.504,0.502,0.504,0.496,0.541,0.521,0.561,0.673,0.67,0.74,0.732,0.68,0.747,0.77,0.697,0.71,0.702,0.703,0.701,0.759,0.703,0.726,0.693,0.7,0.74,0.747,0.733,0.756,0.73,0.752,0.72
29,0.53,0.478,0.493,0.492,0.481,0.485,0.476,0.496,0.492,0.492,0.49,0.5,0.485,0.527,0.494,0.493,0.489,0.498,0.505,0.493,0.5,0.524,0.509,0.555,0.687,0.682,0.754,0.749,0.694,0.74,0.734,0.751,0.739,0.74,0.736,0.706,0.717,0.709,0.718,0.699,0.715,0.707,0.703,0.704,0.738,0.711,0.726,0.779,0.516,0.529,0.504,0.512,0.504,0.507,0.493,0.515,0.503,0.525,0.518,0.521,0.483,0.496,0.483,0.493,0.518,0.503,0.502,0.504,0.496,0.541,0.522,0.561,0.672,0.668,0.738,0.73,0.68,0.745,0.768,0.695,0.708,0.7,0.701,0.7,0.757,0.702,0.725,0.692,0.698,0.739,0.746,0.731,0.755,0.728,0.751,0.718
30,0.529,0.478,0.493,0.492,0.481,0.485,0.476,0.496,0.491,0.491,0.489,0.499,0.483,0.526,0.493,0.492,0.488,0.497,0.504,0.492,0.499,0.523,0.508,0.554,0.685,0.681,0.753,0.746,0.692,0.738,0.732,0.748,0.736,0.738,0.734,0.704,0.715,0.707,0.716,0.698,0.713,0.705,0.702,0.702,0.736,0.709,0.725,0.777,0.515,0.528,0.503,0.511,0.504,0.506,0.493,0.514,0.502,0.524,0.517,0.52,0.482,0.495,0.482,0.492,0.517,0.502,0.501,0.503,0.495,0.54,0.521,0.56,0.67,0.668,0.736,0.729,0.677,0.742,0.766,0.693,0.707,0.699,0.7,0.698,0.756,0.701,0.723,0.69,0.697,0.737,0.745,0.729,0.753,0.727,0.749,0.717
31,0.528,0.477,0.493,0.491,0.481,0.484,0.475,0.495,0.49,0.49,0.489,0.499,0.484,0.526,0.492,0.491,0.487,0.496,0.503,0.492,0.499,0.523,0.508,0.553,0.684,0.679,0.751,0.744,0.691,0.735,0.729,0.746,0.735,0.736,0.733,0.703,0.713,0.705,0.715,0.696,0.711,0.703,0.7,0.7,0.735,0.708,0.723,0.776,0.514,0.527,0.502,0.51,0.502,0.506,0.494,0.514,0.503,0.524,0.518,0.52,0.481,0.494,0.482,0.492,0.516,0.502,0.502,0.503,0.496,0.539,0.52,0.559,0.669,0.667,0.734,0.727,0.676,0.74,0.764,0.692,0.705,0.697,0.698,0.697,0.755,0.699,0.722,0.689,0.695,0.736,0.743,0.728,0.752,0.726,0.747,0.715
32,0.527,0.477,0.493,0.491,0.48,0.483,0.475,0.495,0.49,0.49,0.488,0.498,0.481,0.524,0.492,0.491,0.486,0.496,0.502,0.49,0.498,0.521,0.506,0.552,0.683,0.676,0.75,0.742,0.69,0.733,0.727,0.744,0.733,0.734,0.732,0.702,0.712,0.704,0.713,0.695,0.709,0.702,0.698,0.698,0.733,0.706,0.722,0.774,0.513,0.525,0.501,0.51,0.502,0.505,0.493,0.513,0.502,0.522,0.517,0.518,0.48,0.493,0.48,0.491,0.515,0.501,0.5,0.502,0.494,0.538,0.52,0.557,0.669,0.665,0.733,0.725,0.675,0.738,0.762,0.69,0.704,0.695,0.697,0.697,0.753,0.698,0.72,0.688,0.693,0.734,0.742,0.726,0.75,0.724,0.746,0.713
33,0.527,0.476,0.492,0.49,0.48,0.482,0.474,0.493,0.489,0.488,0.487,0.497,0.479,0.523,0.491,0.49,0.485,0.495,0.501,0.489,0.497,0.52,0.505,0.551,0.682,0.675,0.748,0.741,0.689,0.731,0.725,0.742,0.731,0.733,0.73,0.701,0.711,0.702,0.711,0.693,0.708,0.7,0.697,0.697,0.732,0.705,0.72,0.772,0.513,0.524,0.5,0.508,0.501,0.504,0.492,0.512,0.501,0.521,0.516,0.517,0.479,0.492,0.479,0.49,0.513,0.499,0.499,0.5,0.494,0.537,0.519,0.555,0.669,0.665,0.732,0.723,0.674,0.737,0.76,0.688,0.702,0.694,0.695,0.695,0.752,0.697,0.719,0.686,0.692,0.733,0.74,0.725,0.748,0.722,0.744,0.712
34,0.527,0.476,0.492,0.49,0.48,0.481,0.473,0.492,0.488,0.488,0.486,0.496,0.479,0.523,0.49,0.489,0.483,0.494,0.5,0.489,0.496,0.519,0.504,0.55,0.681,0.675,0.747,0.739,0.688,0.729,0.724,0.74,0.729,0.731,0.729,0.7,0.71,0.701,0.71,0.692,0.706,0.699,0.696,0.695,0.731,0.703,0.718,0.771,0.512,0.523,0.5,0.507,0.501,0.504,0.492,0.513,0.501,0.521,0.515,0.517,0.478,0.492,0.479,0.489,0.513,0.499,0.499,0.501,0.493,0.536,0.518,0.555,0.669,0.664,0.731,0.722,0.674,0.735,0.759,0.687,0.701,0.693,0.694,0.694,0.75,0.695,0.717,0.685,0.691,0.732,0.738,0.723,0.747,0.72,0.742,0.71
35,0.527,0.475,0.491,0.489,0.479,0.48,0.473,0.491,0.486,0.487,0.485,0.495,0.478,0.521,0.489,0.487,0.483,0.493,0.499,0.488,0.495,0.518,0.503,0.549,0.68,0.674,0.745,0.738,0.686,0.728,0.722,0.739,0.728,0.73,0.728,0.699,0.708,0.699,0.709,0.69,0.705,0.698,0.694,0.694,0.729,0.702,0.717,0.769,0.511,0.522,0.498,0.506,0.5,0.503,0.491,0.513,0.5,0.52,0.515,0.517,0.476,0.491,0.478,0.488,0.512,0.498,0.498,0.5,0.492,0.535,0.517,0.553,0.668,0.662,0.729,0.721,0.673,0.734,0.758,0.686,0.7,0.691,0.693,0.694,0.749,0.694,0.716,0.684,0.689,0.73,0.737,0.722,0.746,0.719,0.741,0.709
36,0.527,0.474,0.49,0.488,0.478,0.479,0.472,0.489,0.485,0.486,0.485,0.494,0.478,0.521,0.488,0.486,0.482,0.492,0.498,0.487,0.495,0.517,0.502,0.548,0.68,0.674,0.744,0.736,0.686,0.726,0.72,0.737,0.726,0.728,0.727,0.698,0.707,0.698,0.707,0.689,0.704,0.696,0.693,0.692,0.728,0.7,0.715,0.768,0.511,0.522,0.498,0.505,0.499,0.503,0.491,0.512,0.5,0.52,0.515,0.517,0.477,0.49,0.478,0.487,0.511,0.497,0.498,0.499,0.492,0.535,0.517,0.553,0.667,0.661,0.728,0.719,0.673,0.733,0.757,0.684,0.698,0.69,0.692,0.693,0.748,0.693,0.715,0.683,0.688,0.729,0.735,0.721,0.744,0.717,0.74,0.707
37,0.527,0.473,0.489,0.487,0.478,0.478,0.471,0.489,0.485,0.485,0.484,0.494,0.477,0.52,0.487,0.485,0.481,0.491,0.498,0.487,0.494,0.517,0.502,0.547,0.678,0.672,0.742,0.735,0.685,0.725,0.719,0.735,0.724,0.727,0.725,0.697,0.706,0.697,0.706,0.687,0.702,0.695,0.691,0.691,0.726,0.698,0.713,0.767,0.511,0.522,0.497,0.505,0.5,0.503,0.492,0.516,0.501,0.52,0.514,0.518,0.476,0.491,0.477,0.487,0.511,0.497,0.496,0.499,0.492,0.534,0.516,0.553,0.667,0.66,0.727,0.718,0.672,0.731,0.756,0.683,0.696,0.688,0.69,0.691,0.747,0.691,0.714,0.682,0.687,0.728,0.734,0.72,0.743,0.716,0.738,0.706
38,0.527,0.472,0.487,0.486,0.477,0.477,0.47,0.487,0.484,0.485,0.483,0.493,0.476,0.519,0.486,0.484,0.481,0.491,0.497,0.486,0.493,0.516,0.501,0.546,0.678,0.672,0.741,0.733,0.685,0.724,0.718,0.734,0.723,0.725,0.723,0.696,0.705,0.695,0.705,0.686,0.701,0.694,0.69,0.689,0.724,0.697,0.712,0.765,0.51,0.522,0.497,0.504,0.499,0.502,0.491,0.514,0.501,0.52,0.515,0.518,0.475,0.49,0.477,0.487,0.51,0.497,0.496,0.5,0.491,0.534,0.516,0.552,0.666,0.66,0.725,0.717,0.671,0.729,0.755,0.681,0.695,0.687,0.689,0.691,0.745,0.69,0.712,0.681,0.686,0.726,0.732,0.718,0.742,0.714,0.736,0.705
39,0.527,0.471,0.487,0.485,0.476,0.477,0.47,0.487,0.483,0.484,0.483,0.492,0.476,0.519,0.485,0.483,0.48,0.49,0.496,0.486,0.493,0.515,0.5,0.545,0.678,0.672,0.739,0.731,0.684,0.722,0.716,0.732,0.721,0.724,0.722,0.696,0.703,0.694,0.703,0.684,0.7,0.692,0.689,0.688,0.723,0.696,0.71,0.764,0.51,0.521,0.496,0.504,0.5,0.502,0.491,0.513,0.501,0.52,0.514,0.518,0.475,0.49,0.477,0.487,0.51,0.496,0.495,0.498,0.492,0.534,0.515,0.551,0.666,0.659,0.724,0.716,0.671,0.728,0.753,0.681,0.693,0.685,0.688,0.69,0.744,0.689,0.711,0.68,0.685,0.725,0.731,0.717,0.741,0.713,0.735,0.703
40,0.527,0.471,0.486,0.484,0.475,0.475,0.469,0.486,0.483,0.483,0.482,0.492,0.475,0.518,0.484,0.482,0.48,0.489,0.495,0.484,0.492,0.515,0.5,0.544,0.677,0.671,0.738,0.73,0.684,0.72,0.715,0.731,0.72,0.722,0.721,0.696,0.701,0.692,0.702,0.683,0.698,0.691,0.687,0.686,0.722,0.694,0.708,0.762,0.509,0.521,0.496,0.504,0.498,0.501,0.491,0.516,0.501,0.519,0.514,0.519,0.474,0.49,0.476,0.487,0.509,0.494,0.494,0.497,0.491,0.533,0.514,0.55,0.665,0.659,0.723,0.714,0.671,0.727,0.752,0.68,0.692,0.684,0.687,0.689,0.743,0.688,0.71,0.679,0.683,0.723,0.73,0.716,0.74,0.712,0.733,0.702
41,0.527,0.47,0.485,0.484,0.475,0.475,0.468,0.486,0.483,0.482,0.481,0.492,0.475,0.518,0.483,0.481,0.479,0.489,0.495,0.484,0.491,0.514,0.5,0.544,0.676,0.671,0.737,0.729,0.683,0.719,0.713,0.73,0.718,0.721,0.72,0.695,0.701,0.691,0.701,0.682,0.697,0.69,0.686,0.685,0.72,0.693,0.707,0.76,0.509,0.521,0.496,0.503,0.497,0.502,0.492,0.515,0.501,0.519,0.514,0.519,0.475,0.49,0.476,0.486,0.509,0.494,0.494,0.497,0.49,0.533,0.515,0.551,0.665,0.657,0.722,0.713,0.671,0.726,0.752,0.679,0.691,0.683,0.685,0.689,0.741,0.687,0.709,0.678,0.682,0.722,0.728,0.715,0.739,0.71,0.732,0.701
42,0.527,0.469,0.484,0.483,0.474,0.474,0.468,0.485,0.482,0.482,0.481,0.491,0.474,0.517,0.482,0.481,0.478,0.488,0.494,0.483,0.491,0.514,0.499,0.544,0.675,0.671,0.735,0.727,0.683,0.717,0.712,0.728,0.717,0.719,0.718,0.695,0.699,0.689,0.699,0.681,0.696,0.688,0.685,0.683,0.719,0.691,0.705,0.759,0.508,0.521,0.495,0.503,0.498,0.501,0.491,0.517,0.501,0.518,0.514,0.52,0.475,0.49,0.476,0.486,0.509,0.494,0.494,0.496,0.49,0.532,0.514,0.549,0.664,0.657,0.721,0.712,0.671,0.724,0.751,0.677,0.689,0.681,0.684,0.688,0.74,0.685,0.708,0.677,0.681,0.721,0.727,0.713,0.737,0.708,0.73,0.699
43,0.527,0.469,0.483,0.482,0.473,0.473,0.467,0.484,0.481,0.482,0.48,0.49,0.474,0.517,0.482,0.48,0.478,0.488,0.494,0.483,0.49,0.513,0.499,0.542,0.674,0.67,0.734,0.726,0.682,0.715,0.711,0.727,0.715,0.718,0.717,0.694,0.697,0.687,0.698,0.679,0.694,0.687,0.683,0.682,0.718,0.69,0.704,0.758,0.509,0.52,0.495,0.502,0.498,0.501,0.492,0.514,0.5,0.518,0.515,0.52,0.475,0.49,0.476,0.487,0.508,0.494,0.493,0.497,0.49,0.532,0.513,0.549,0.664,0.656,0.72,0.711,0.67,0.723,0.75,0.676,0.688,0.68,0.683,0.688,0.738,0.684,0.707,0.676,0.68,0.719,0.726,0.712,0.736,0.707,0.729,0.698
44,0.528,0.469,0.483,0.482,0.473,0.473,0.467,0.484,0.481,0.481,0.48,0.489,0.474,0.517,0.482,0.479,0.477,0.487,0.493,0.482,0.49,0.512,0.498,0.542,0.674,0.669,0.733,0.725,0.682,0.714,0.709,0.726,0.714,0.717,0.716,0.694,0.697,0.686,0.697,0.678,0.693,0.686,0.682,0.681,0.716,0.688,0.703,0.757,0.509,0.52,0.495,0.501,0.498,0.501,0.493,0.516,0.5,0.518,0.515,0.519,0.475,0.489,0.476,0.487,0.509,0.494,0.493,0.497,0.49,0.532,0.513,0.548,0.663,0.656,0.719,0.71,0.67,0.722,0.749,0.676,0.687,0.679,0.682,0.687,0.738,0.683,0.706,0.676,0.679,0.718,0.725,0.711,0.735,0.706,0.728,0.697
45,0.528,0.468,0.483,0.481,0.472,0.472,0.467,0.483,0.481,0.481,0.479,0.489,0.473,0.517,0.482,0.479,0.477,0.487,0.493,0.482,0.489,0.512,0.498,0.542,0.673,0.669,0.732,0.723,0.681,0.713,0.708,0.724,0.712,0.715,0.715,0.693,0.695,0.685,0.695,0.676,0.692,0.685,0.681,0.68,0.715,0.687,0.702,0.755,0.509,0.52,0.495,0.502,0.498,0.502,0.493,0.516,0.5,0.518,0.515,0.521,0.475,0.489,0.477,0.487,0.509,0.494,0.494,0.496,0.491,0.532,0.512,0.548,0.662,0.656,0.718,0.709,0.67,0.721,0.749,0.675,0.686,0.678,0.681,0.687,0.737,0.682,0.706,0.675,0.677,0.717,0.723,0.71,0.734,0.705,0.727,0.696
46,0.529,0.468,0.482,0.481,0.471,0.472,0.466,0.483,0.48,0.48,0.479,0.488,0.473,0.516,0.481,0.479,0.476,0.486,0.492,0.482,0.489,0.511,0.497,0.541,0.671,0.668,0.73,0.722,0.681,0.711,0.707,0.723,0.711,0.714,0.714,0.693,0.694,0.683,0.694,0.675,0.69,0.683,0.68,0.678,0.714,0.686,0.7,0.754,0.508,0.521,0.496,0.501,0.498,0.502,0.494,0.517,0.5,0.518,0.515,0.521,0.475,0.489,0.477,0.488,0.508,0.494,0.493,0.496,0.49,0.531,0.512,0.547,0.661,0.655,0.717,0.707,0.67,0.719,0.747,0.674,0.684,0.676,0.679,0.686,0.735,0.681,0.705,0.674,0.676,0.716,0.722,0.709,0.733,0.704,0.726,0.694
47,0.529,0.468,0.481,0.481,0.471,0.471,0.466,0.482,0.48,0.48,0.478,0.488,0.472,0.516,0.481,0.478,0.475,0.486,0.492,0.481,0.488,0.511,0.496,0.54,0.67,0.667,0.729,0.72,0.68,0.71,0.705,0.722,0.71,0.712,0.712,0.692,0.692,0.681,0.693,0.674,0.689,0.682,0.678,0.677,0.713,0.684,0.698,0.752,0.507,0.52,0.496,0.502,0.498,0.501,0.494,0.518,0.501,0.518,0.515,0.521,0.475,0.489,0.477,0.488,0.508,0.494,0.493,0.496,0.49,0.531,0.512,0.547,0.66,0.655,0.716,0.706,0.67,0.718,0.747,0.673,0.682,0.675,0.678,0.684,0.734,0.68,0.703,0.674,0.675,0.715,0.721,0.708,0.731,0.702,0.724,0.693
48,0.529,0.468,0.481,0.48,0.471,0.471,0.466,0.482,0.479,0.48,0.478,0.488,0.472,0.517,0.481,0.478,0.476,0.486,0.492,0.481,0.488,0.51,0.496,0.54,0.669,0.666,0.728,0.719,0.68,0.708,0.704,0.721,0.708,0.711,0.711,0.691,0.691,0.68,0.691,0.673,0.688,0.681,0.678,0.676,0.712,0.683,0.697,0.752,0.508,0.521,0.496,0.501,0.498,0.502,0.496,0.517,0.502,0.519,0.516,0.522,0.476,0.489,0.478,0.49,0.509,0.494,0.494,0.496,0.49,0.531,0.513,0.547,0.659,0.654,0.715,0.705,0.67,0.718,0.746,0.673,0.682,0.674,0.677,0.684,0.734,0.68,0.703,0.674,0.674,0.715,0.72,0.708,0.73,0.702,0.724,0.692
49,0.529,0.469,0.48,0.48,0.47,0.471,0.465,0.481,0.479,0.48,0.477,0.488,0.471,0.516,0.48,0.478,0.475,0.486,0.491,0.481,0.488,0.51,0.496,0.539,0.668,0.666,0.727,0.718,0.679,0.707,0.703,0.72,0.707,0.71,0.71,0.69,0.69,0.679,0.69,0.672,0.687,0.679,0.676,0.675,0.71,0.682,0.696,0.75,0.507,0.521,0.497,0.502,0.498,0.502,0.496,0.519,0.503,0.519,0.516,0.523,0.476,0.489,0.478,0.489,0.509,0.494,0.494,0.496,0.491,0.531,0.512,0.547,0.658,0.654,0.714,0.704,0.669,0.716,0.745,0.672,0.68,0.673,0.677,0.682,0.733,0.679,0.702,0.672,0.673,0.713,0.719,0.707,0.73,0.701,0.723,0.691